<?xml version="1.0" encoding="UTF-8"?>
<project-private xmlns="http://www.netbeans.org/ns/project-private/1">
    <editor-bookmarks xmlns="http://www.netbeans.org/ns/editor-bookmarks/2" lastBookmarkId="0"/>
    <open-files xmlns="http://www.netbeans.org/ns/projectui-open-files/2">
        <group>
            <file>file:/Users/miguel/Documents/Projectos%20Netbeans/Programacion2_Q2/Lab2-MiguelRojas/Lab2_MiguelRojas/src/lab2_miguelrojas/Casa.java</file>
            <file>file:/Users/miguel/Documents/Projectos%20Netbeans/Programacion2_Q2/Lab2-MiguelRojas/Lab2_MiguelRojas/src/lab2_miguelrojas/Lab2_MiguelRojas.java</file>
        </group>
    </open-files>
</project-private>
